score,priority,country,company_name,product_name,category,description,offer_url,company_id,company_uuid,company_slug,reason
70,MEDIUM,Румъния,URSPACK,"Меню кутия с интегриран разделител 53,5 Oz - Меню кутия с интегриран разделител - 1000cc/53,5 Oz MOQ - 5120 бр.",614316,"Хартия за мазнини Meniu Box. Б:208x130 Ш:230x150 В:56,5 Капацитет- 1000cc/53,5 Oz-(Персонализируем MOQ-5120бр) Опции за персонализация: Нашите кутии з...",https://www.europages.co.uk/bg/products/menu-box-with-integrated-separator-535-oz-menu-box-with-integrated-separator-1000cc535-oz-moq-5120pcs-35254023,22237580,9898060f-8232-36b1-96f5-c1e69e5418a0,urspack-22237580,"Packaging relevance: pack, box; Specific product information available; Detailed company/product description; Identifiable company; Direct Europages offer URL available"
70,MEDIUM,Румъния,EXONIA PACKAGING,Листове опаковъчна хартия - За опаковане на готова бърза храна или хранителни стоки,614293,Приложимост: основно се използват в заведения за бързо хранене и магазини за хранителни стоки или в сладкарници и кондитерски. Производство: произвежд...,https://www.europages.co.uk/bg/products/hojas-de-papel-para-envolver-para-envasar-productos-preparados-de-comida-rapida-o-productos-de-ultramarinos-35449700,20741264,dcae4818-9b35-3bd7-90b2-067a17314b34,exonia-packaging-20741264,"Packaging relevance: packaging, pack; Specific product information available; Detailed company/product description; Identifiable company; Direct Europages offer URL available"
70,MEDIUM,Румъния,EXONIA PACKAGING,"Вентилирана чанта за пресни продукти - Предназначена за опаковане на картофи, лук и плодове, които изискват вентилация.",614465,"Приложимост: Предназначен за опаковане на картофи, лук, плодове, които изискват вентилация. Производство: 100% автоматизирано производство от устойчив...",https://www.europages.co.uk/bg/products/bolsa-ventilada-para-productos-frescos-destinado-al-envasado-de-patatas-cebollas-frutas-que-requieren-ventilacion-35281919,20741264,dcae4818-9b35-3bd7-90b2-067a17314b34,exonia-packaging-20741264,"Packaging relevance: packaging, pack; Specific product information available; Detailed company/product description; Identifiable company; Direct Europages offer URL available"
70,MEDIUM,Румъния,EXONIA PACKAGING,"Персонализируеми вентилирани чанти за пресни продукти - Проектирани за опаковане на картофи, лук и плодове, които изискват вентилация.",614465,"Висококачествени и икономични персонализирани вентилирани торби за пресни продукти - проектирани за опаковане на картофи, лук и плодове, които изисква...",https://www.europages.co.uk/bg/products/customizable-ventilated-bags-for-fresh-products-designed-for-packaging-potatoes-onions-and-fruits-that-require-ventilation-35413089,20741264,dcae4818-9b35-3bd7-90b2-067a17314b34,exonia-packaging-20741264,"Packaging relevance: packaging, pack; Specific product information available; Detailed company/product description; Identifiable company; Direct Europages offer URL available"
70,MEDIUM,Румъния,EXONIA PACKAGING,"Вентилирана чанта за пресни продукти - Предназначена за опаковане на зеленчуци и плодове, които изискват вентилация",614465,"Приложимост: Предназначен за опаковане на зеленчуци и плодове, изискващи вентилация. Производство: Произведен на 100 % автоматизирано от устойчиви сур...",https://www.europages.co.uk/bg/products/sac-ventile-pour-produits-frais-destine-au-conditionnement-de-legumes-fruits-necessitant-une-ventilation-35687905,20741264,dcae4818-9b35-3bd7-90b2-067a17314b34,exonia-packaging-20741264,"Packaging relevance: packaging, pack; Specific product information available; Detailed company/product description; Identifiable company; Direct Europages offer URL available"
70,MEDIUM,Румъния,BARRIER VACUUM BAGS,Опаковка на вино в торби Bag-in-box,614364,"Ако сте румънски производител на вино, торбичките Bag-in-Box са иновативно решение, тъй като позволяват консумацията на вино, било то румънско или дру...",https://www.europages.co.uk/bg/products/wine-packaging-by-bag-in-box-bags-35704253,22211555,02381997-a221-38d4-8307-215ed058a856,barrier-vacuum-bags-22211555,"Packaging relevance: box, bag; Specific product information available; Detailed company/product description; Identifiable company; Direct Europages offer URL available"
70,MEDIUM,Гърция,XENOS PACKAGING SA,Производител на опаковки за паста в Европа - Опаковки за храни,614293,"Нашата опаковка за ориз и паста е проектирана да осигури оптимална свежест, защита и дълготрайност на вашите сухи хранителни продукти. Изработена от в...",https://www.europages.co.uk/bg/products/european-pasta-packaging-manufacturer-food-packaging-35856925,21432917,4d6c88e2-d7e8-3bfb-8fbe-0f85c3c1ace6,xenos-packaging-sa-21432917,"Packaging relevance: packaging, pack; Specific product information available; Detailed company/product description; Identifiable company; Direct Europages offer URL available"
70,MEDIUM,Румъния,BARRIER VACUUM BAGS,Barrier Flow Pack Филми - Широка Приложимост,614250,"Благодарение на съвременната техника, фолиата за флоу пакети отговарят на най-високите европейски и международни стандарти за качество. Произвеждаме ф...",https://www.europages.co.uk/bg/products/barrier-flow-pack-films-wide-applicability-35502712,22211555,02381997-a221-38d4-8307-215ed058a856,barrier-vacuum-bags-22211555,"Packaging relevance: pack, bag; Specific product information available; Detailed company/product description; Identifiable company; Direct Europages offer URL available"
65,MEDIUM,Румъния,URSPACK,"Кутия за паста за вземане на хартия - Кутия за паста за вземане на хартия - 760cc/25,6 Oz",600661,"Хартия, устойчива на мазнини - Кутия за паста ØB:120 T:111x111 H:72 Капацитет - 760cc/25,6 Oz - (Персонализируем MOQ 9600 бр.) Най-добрата цена в Евро...",https://www.europages.co.uk/bg/products/paper-pasta-take-away-box-paper-pasta-take-away-box-760cc256-oz-35642149,22237580,9898060f-8232-36b1-96f5-c1e69e5418a0,urspack-22237580,Packaging relevance: pack; Specific product information available; Detailed company/product description; Identifiable company; Direct Europages offer URL available
65,MEDIUM,Румъния,URSPACK,Кутии за Сладки и Торти,610524,"Кутии за сладки и торти от Urspack предлагат разнообразие от размери, включително B:200x80 T:200x80 H:55. * КУТИЯ ЗА ХРАНА:D0...",https://www.europages.co.uk/bg/products/sweets-and-cake-boxes-35782118,22237580,9898060f-8232-36b1-96f5-c1e69e5418a0,urspack-22237580,Packaging relevance: pack; Specific product information available; Detailed company/product description; Identifiable company; Direct Europages offer URL available
65,MEDIUM,Румъния,URSPACK,"Хартиена купа за супа + 486cc/16.4 Oz - Хартиена купа за супа - 486cc / 16.4 Oz - Персонализирана, най-добра цена в Европа гарантирана",600661,"Хартия, устойчива на мазнини - Купа за супа + капаци ØБ:95 ØТ:105 H:70 Вместимост - 486cc/16.4 Oz - (Персонализирана - Минимално количество за поръчка...",https://www.europages.co.uk/bg/products/paper-soup-bowl-486cc164-oz-paper-soup-bowl-486cc-164-oz-customizable-europe-best-price-guaranteed-35306123,22237580,9898060f-8232-36b1-96f5-c1e69e5418a0,urspack-22237580,Packaging relevance: pack; Specific product information available; Detailed company/product description; Identifiable company; Direct Europages offer URL available
65,MEDIUM,Румъния,URSPACK,"Сгъваема Кутия за Взимане 16,6 Oz - Кутия за Взимане B:100x100 T:110x110 H:45 Вместимост- 493cc/16,6 Oz- Персонализируема",614250,"Кутия за храна - Устойчив на мазнини Б:100x100 Ш:110x110 В:45 Капацитет - 493cc/16,6 Оз - Персонализирана Персонализирана консултация: Нашият екип мож...",https://www.europages.co.uk/bg/products/folded-take-out-box-166-oz-take-away-box-b100x100-t110x110-h45-capacity-493cc166-oz-customizable-35478107,22237580,9898060f-8232-36b1-96f5-c1e69e5418a0,urspack-22237580,Packaging relevance: pack; Specific product information available; Detailed company/product description; Identifiable company; Direct Europages offer URL available
65,MEDIUM,Гърция,ARPA INCORPORATED COMPANY,U-Panel Bags - Универсално решение за съхранение,614364,"Тялото на U-панелната чанта се състои от 3 части, 1 дълга част, свързана с 2 единични части. Тя е проектирана да предлага по-добро съхранение и трансп...",https://www.europages.co.uk/bg/products/u-panel-bags-versatile-storage-solution-35389056,22257945,bee801d6-2683-36db-9c29-82f641351afa,arpa-incorporated-company-22257945,Packaging relevance: bag; Specific product information available; Detailed company/product description; Identifiable company; Direct Europages offer URL available
65,MEDIUM,Гърция,ARPA INCORPORATED COMPANY,4-частични Big Bags,600664,"4-панелните чанти се състоят от четири отделни части, които са зашити в квадратна структура. В запълнено състояние 4-панелната чанта запазва квадратна...",https://www.europages.co.uk/bg/products/4-teilige-big-bags-35408362,22257945,bee801d6-2683-36db-9c29-82f641351afa,arpa-incorporated-company-22257945,Packaging relevance: bag; Specific product information available; Detailed company/product description; Identifiable company; Direct Europages offer URL available
65,MEDIUM,Румъния,BARRIER VACUUM BAGS,Бариера филми с механични свойства,614250,"В производството на бариерни филми се фокусираме върху създаването на основни филми за термоформоване, притежаващи солидни знания и опит в областта. П...",https://www.europages.co.uk/bg/products/barrier-films-with-mechanical-properties-35553799,22211555,02381997-a221-38d4-8307-215ed058a856,barrier-vacuum-bags-22211555,Packaging relevance: bag; Specific product information available; Detailed company/product description; Identifiable company; Direct Europages offer URL available
50,LOW,Румъния,PROCESS COLOR,Automotive Tray - Пластмаса PET,614250,"Производим термоформовани подложки за автомобилни части, изработени от пластмаса (PET). Снимките, показани тук, са наши модели, но можем напълно да пе...",https://www.europages.co.uk/bg/products/automotive-tray-plastic-pet-35726421,20171341,909244f4-f098-3045-8272-433e06252c7b,process-color-20171341,Specific product information available; Detailed company/product description; Identifiable company; Direct Europages offer URL available
50,LOW,Румъния,PROCESS COLOR,Пластмасова термоформована автомобилна тава,614250,"Производим термоформовани подложки за автомобилни части, изработени от пластмаса (PET). Снимките, показани тук, са наши модели, но можем напълно да пе...",https://www.europages.co.uk/bg/products/plastic-thermoformed-automotive-tray-35775032,20171341,909244f4-f098-3045-8272-433e06252c7b,process-color-20171341,Specific product information available; Detailed company/product description; Identifiable company; Direct Europages offer URL available
50,LOW,Румъния,PROCESS COLOR,Пластмасова тава с 4 наклонени отделения за бисквити,614250,"Кутии от пластмаса с 4 наклонени отделения за бисквити с шоколад, сладки и др. Кутиите могат да бъдат и от прозрачен пластмасов материал, по специфика...",https://www.europages.co.uk/bg/products/caserole-din-plastic-cu-4-alveole-inclinate-pentru-biscuiti-35541547,20171341,909244f4-f098-3045-8272-433e06252c7b,process-color-20171341,Specific product information available; Detailed company/product description; Identifiable company; Direct Europages offer URL available
50,LOW,Румъния,PROCESS COLOR,Портфейл папка с прозрачни държачи,614448,"Опаковане на подаръци за нехранителни продукти (козметика, офис продукти, свещи, декоративни продукти, гривни, колиета), опаковане на подаръци за сват...",https://www.europages.co.uk/bg/products/portofolio-folder-with-transparent-holders-35585047,20171341,909244f4-f098-3045-8272-433e06252c7b,process-color-20171341,Specific product information available; Detailed company/product description; Identifiable company; Direct Europages offer URL available
50,LOW,Гърция,ARPA INCORPORATED COMPANY,Тъкани Чанти от Полипропилен - Устойчиви на Разкъсване,614403,"Нашите тъкани чували от полипропилен идват в различни размери, които отговарят на различни капацитети и размери. Независимо дали ги нуждаете за опаков...",https://www.europages.co.uk/bg/products/polypropylene-woven-sacks-tear-resistant-35450038,22257945,bee801d6-2683-36db-9c29-82f641351afa,arpa-incorporated-company-22257945,Specific product information available; Detailed company/product description; Identifiable company; Direct Europages offer URL available
50,LOW,Гърция,ARPA INCORPORATED COMPANY,Вентилирани Големи Чанти - Тъкан с Въздушен Поток,614364,"Чанта с въздушни отвори по тъканта на тялото. Това е вид мрежеста тъкан, която позволява лесен въздушен поток към съдържанието вътре и предотвратява н...",https://www.europages.co.uk/bg/products/ventilated-big-bags-air-flow-mesh-fabric-35605695,22257945,bee801d6-2683-36db-9c29-82f641351afa,arpa-incorporated-company-22257945,Specific product information available; Detailed company/product description; Identifiable company; Direct Europages offer URL available
50,LOW,Гърция,SPECIAL MIX,готова смес за лукумади - готова смес за лукумади - идеална за малки супермаркети,610220,готова смес за лукумади - идеална за малки опаковки в супермаркетите В Гърция лукумадите обикновено се подправят с канела в меден сироп и могат да се ...,https://www.europages.co.uk/bg/products/ready-mix-for-loukoumades-ready-mix-for-loukoumades-ideal-for-small-package-supermarkets-35575963,20176906,db40af64-30c2-3ae7-ac12-9f14e8f4124c,special-mix-20176906,Specific product information available; Detailed company/product description; Identifiable company; Direct Europages offer URL available
50,LOW,Румъния,PROCESS COLOR,Термоформирани тави с канали m4318,614250,Т trays в изображението е модел M4318. Размер на подноса външен размер долу 208x262x27mm външен размер горе 200x255mm долен отдел 16x185x20mm горе...,https://www.europages.co.uk/bg/products/thermoformed-trays-with-channels-m4318-35424682,20171341,909244f4-f098-3045-8272-433e06252c7b,process-color-20171341,Specific product information available; Detailed company/product description; Identifiable company; Direct Europages offer URL available
