country_code,country,supplier,supplier_company_id,supplier_company_uuid,product,product_category,description,trade_type,potential_buyers,buy_price,sell_price,transport_cost,estimated_margin,profit_status,trade_score,signals,offer_url,company_url
GR,Гърция,ARPA INCORPORATED COMPANY,22257945,bee801d6-2683-36db-9c29-82f641351afa,4-частични Big Bags,plastic_flexible_packaging,"4-панелните чанти се състоят от четири отделни части, които са зашити в квадратна структура. В запълнено състояние 4-панелната чанта запазва квадратна...",BUY → SELL,"food producers, agricultural producers, chemical companies, construction-material producers, feed producers and distributors",,,,,PRICE DATA NEEDED,46,"big bag, big bags, bag, bags",https://www.europages.co.uk/bg/products/4-teilige-big-bags-35408362,https://www.europages.co.uk/ARPA-INCORPORATED-COMPANY
GR,Гърция,ARPA INCORPORATED COMPANY,22257945,bee801d6-2683-36db-9c29-82f641351afa,U-Panel Bags - Универсално решение за съхранение,plastic_flexible_packaging,"Тялото на U-панелната чанта се състои от 3 части, 1 дълга част, свързана с 2 единични части. Тя е проектирана да предлага по-добро съхранение и трансп...",BUY → SELL,"food producers, agricultural producers, chemical companies, construction-material producers, feed producers and distributors",,,,,PRICE DATA NEEDED,31,"u-panel, bag, bags",https://www.europages.co.uk/bg/products/u-panel-bags-versatile-storage-solution-35389056,https://www.europages.co.uk/ARPA-INCORPORATED-COMPANY
RO,Румъния,URSPACK,22237580,9898060f-8232-36b1-96f5-c1e69e5418a0,"Кутия за паста за вземане на хартия - Кутия за паста за вземане на хартия - 760cc/25,6 Oz",general_packaging,"Хартия, устойчива на мазнини - Кутия за паста ØB:120 T:111x111 H:72 Капацитет - 760cc/25,6 Oz - (Персонализируем MOQ 9600 бр.) Най-добрата цена в Евро...",POTENTIAL BUY → SELL,"manufacturers, distributors, food companies and industrial businesses",,,,,PRICE DATA NEEDED,5,MOQ information,https://www.europages.co.uk/bg/products/paper-pasta-take-away-box-paper-pasta-take-away-box-760cc256-oz-35642149,https://www.europages.co.uk/URSPACK
RO,Румъния,URSPACK,22237580,9898060f-8232-36b1-96f5-c1e69e5418a0,"Меню кутия с интегриран разделител 53,5 Oz - Меню кутия с интегриран разделител - 1000cc/53,5 Oz MOQ - 5120 бр.",paper_cardboard_packaging,"Хартия за мазнини Meniu Box. Б:208x130 Ш:230x150 В:56,5 Капацитет- 1000cc/53,5 Oz-(Персонализируем MOQ-5120бр) Опции за персонализация: Нашите кутии з...",BUY → SELL,"food manufacturers, bakeries, restaurants, catering companies, e-commerce companies and retailers",,,,,PRICE DATA NEEDED,5,MOQ information,https://www.europages.co.uk/bg/products/menu-box-with-integrated-separator-535-oz-menu-box-with-integrated-separator-1000cc535-oz-moq-5120pcs-35254023,https://www.europages.co.uk/URSPACK
RO,Румъния,EXONIA PACKAGING,20741264,dcae4818-9b35-3bd7-90b2-067a17314b34,Листове опаковъчна хартия - За опаковане на готова бърза храна или хранителни стоки,general_packaging,Приложимост: основно се използват в заведения за бързо хранене и магазини за хранителни стоки или в сладкарници и кондитерски. Производство: произвежд...,POTENTIAL BUY → SELL,"manufacturers, distributors, food companies and industrial businesses",,,,,PRICE DATA NEEDED,5,Europages member,https://www.europages.co.uk/bg/products/hojas-de-papel-para-envolver-para-envasar-productos-preparados-de-comida-rapida-o-productos-de-ultramarinos-35449700,https://www.europages.co.uk/EXONIA-PACKAGING
RO,Румъния,EXONIA PACKAGING,20741264,dcae4818-9b35-3bd7-90b2-067a17314b34,"Вентилирана чанта за пресни продукти - Предназначена за опаковане на картофи, лук и плодове, които изискват вентилация.",general_packaging,"Приложимост: Предназначен за опаковане на картофи, лук, плодове, които изискват вентилация. Производство: 100% автоматизирано производство от устойчив...",POTENTIAL BUY → SELL,"manufacturers, distributors, food companies and industrial businesses",,,,,PRICE DATA NEEDED,5,Europages member,https://www.europages.co.uk/bg/products/bolsa-ventilada-para-productos-frescos-destinado-al-envasado-de-patatas-cebollas-frutas-que-requieren-ventilacion-35281919,https://www.europages.co.uk/EXONIA-PACKAGING
RO,Румъния,EXONIA PACKAGING,20741264,dcae4818-9b35-3bd7-90b2-067a17314b34,"Персонализируеми вентилирани чанти за пресни продукти - Проектирани за опаковане на картофи, лук и плодове, които изискват вентилация.",general_packaging,"Висококачествени и икономични персонализирани вентилирани торби за пресни продукти - проектирани за опаковане на картофи, лук и плодове, които изисква...",POTENTIAL BUY → SELL,"manufacturers, distributors, food companies and industrial businesses",,,,,PRICE DATA NEEDED,5,Europages member,https://www.europages.co.uk/bg/products/customizable-ventilated-bags-for-fresh-products-designed-for-packaging-potatoes-onions-and-fruits-that-require-ventilation-35413089,https://www.europages.co.uk/EXONIA-PACKAGING
RO,Румъния,EXONIA PACKAGING,20741264,dcae4818-9b35-3bd7-90b2-067a17314b34,"Вентилирана чанта за пресни продукти - Предназначена за опаковане на зеленчуци и плодове, които изискват вентилация",general_packaging,"Приложимост: Предназначен за опаковане на зеленчуци и плодове, изискващи вентилация. Производство: Произведен на 100 % автоматизирано от устойчиви сур...",POTENTIAL BUY → SELL,"manufacturers, distributors, food companies and industrial businesses",,,,,PRICE DATA NEEDED,5,Europages member,https://www.europages.co.uk/bg/products/sac-ventile-pour-produits-frais-destine-au-conditionnement-de-legumes-fruits-necessitant-une-ventilation-35687905,https://www.europages.co.uk/EXONIA-PACKAGING
GR,Гърция,XENOS PACKAGING SA,21432917,4d6c88e2-d7e8-3bfb-8fbe-0f85c3c1ace6,Производител на опаковки за паста в Европа - Опаковки за храни,general_packaging,"Нашата опаковка за ориз и паста е проектирана да осигури оптимална свежест, защита и дълготрайност на вашите сухи хранителни продукти. Изработена от в...",POTENTIAL BUY → SELL,"manufacturers, distributors, food companies and industrial businesses",,,,,PRICE DATA NEEDED,0,,https://www.europages.co.uk/bg/products/european-pasta-packaging-manufacturer-food-packaging-35856925,https://www.europages.co.uk/XENOS-PACKAGING-SA
RO,Румъния,URSPACK,22237580,9898060f-8232-36b1-96f5-c1e69e5418a0,Кутии за Сладки и Торти,general_packaging,"Кутии за сладки и торти от Urspack предлагат разнообразие от размери, включително B:200x80 T:200x80 H:55. * КУТИЯ ЗА ХРАНА:D0...",POTENTIAL BUY → SELL,"manufacturers, distributors, food companies and industrial businesses",,,,,PRICE DATA NEEDED,0,,https://www.europages.co.uk/bg/products/sweets-and-cake-boxes-35782118,https://www.europages.co.uk/URSPACK
RO,Румъния,URSPACK,22237580,9898060f-8232-36b1-96f5-c1e69e5418a0,"Хартиена купа за супа + 486cc/16.4 Oz - Хартиена купа за супа - 486cc / 16.4 Oz - Персонализирана, най-добра цена в Европа гарантирана",general_packaging,"Хартия, устойчива на мазнини - Купа за супа + капаци ØБ:95 ØТ:105 H:70 Вместимост - 486cc/16.4 Oz - (Персонализирана - Минимално количество за поръчка...",POTENTIAL BUY → SELL,"manufacturers, distributors, food companies and industrial businesses",,,,,PRICE DATA NEEDED,0,,https://www.europages.co.uk/bg/products/paper-soup-bowl-486cc164-oz-paper-soup-bowl-486cc-164-oz-customizable-europe-best-price-guaranteed-35306123,https://www.europages.co.uk/URSPACK
RO,Румъния,URSPACK,22237580,9898060f-8232-36b1-96f5-c1e69e5418a0,"Сгъваема Кутия за Взимане 16,6 Oz - Кутия за Взимане B:100x100 T:110x110 H:45 Вместимост- 493cc/16,6 Oz- Персонализируема",general_packaging,"Кутия за храна - Устойчив на мазнини Б:100x100 Ш:110x110 В:45 Капацитет - 493cc/16,6 Оз - Персонализирана Персонализирана консултация: Нашият екип мож...",POTENTIAL BUY → SELL,"manufacturers, distributors, food companies and industrial businesses",,,,,PRICE DATA NEEDED,0,,https://www.europages.co.uk/bg/products/folded-take-out-box-166-oz-take-away-box-b100x100-t110x110-h45-capacity-493cc166-oz-customizable-35478107,https://www.europages.co.uk/URSPACK
GR,Гърция,ARPA INCORPORATED COMPANY,22257945,bee801d6-2683-36db-9c29-82f641351afa,Тъкани Чанти от Полипропилен - Устойчиви на Разкъсване,general_packaging,"Нашите тъкани чували от полипропилен идват в различни размери, които отговарят на различни капацитети и размери. Независимо дали ги нуждаете за опаков...",POTENTIAL BUY → SELL,"manufacturers, distributors, food companies and industrial businesses",,,,,PRICE DATA NEEDED,0,,https://www.europages.co.uk/bg/products/polypropylene-woven-sacks-tear-resistant-35450038,https://www.europages.co.uk/ARPA-INCORPORATED-COMPANY
GR,Гърция,ARPA INCORPORATED COMPANY,22257945,bee801d6-2683-36db-9c29-82f641351afa,Вентилирани Големи Чанти - Тъкан с Въздушен Поток,general_packaging,"Чанта с въздушни отвори по тъканта на тялото. Това е вид мрежеста тъкан, която позволява лесен въздушен поток към съдържанието вътре и предотвратява н...",POTENTIAL BUY → SELL,"manufacturers, distributors, food companies and industrial businesses",,,,,PRICE DATA NEEDED,0,,https://www.europages.co.uk/bg/products/ventilated-big-bags-air-flow-mesh-fabric-35605695,https://www.europages.co.uk/ARPA-INCORPORATED-COMPANY
GR,Гърция,SPECIAL MIX,20176906,db40af64-30c2-3ae7-ac12-9f14e8f4124c,готова смес за лукумади - готова смес за лукумади - идеална за малки супермаркети,general_packaging,готова смес за лукумади - идеална за малки опаковки в супермаркетите В Гърция лукумадите обикновено се подправят с канела в меден сироп и могат да се ...,POTENTIAL BUY → SELL,"manufacturers, distributors, food companies and industrial businesses",,,,,PRICE DATA NEEDED,0,,https://www.europages.co.uk/bg/products/ready-mix-for-loukoumades-ready-mix-for-loukoumades-ideal-for-small-package-supermarkets-35575963,https://www.europages.co.uk/SPECIAL-MIX
