country_code,country,company_name,company_slug,company_ep_slug,company_id,company_uuid,ep_id,distribution_area,founding_year,email_existing,is_ep_member,is_wlw_member,is_quick_responder,product_name,description,category,offer_uuid,auction_id,slug_id,offer_slug,offer_url,_previous
RO,Румъния,URSPACK,urspack-22237580,URSPACK,22237580,9898060f-8232-36b1-96f5-c1e69e5418a0,00000005505354-001,international,2014,True,0,0,False,"Меню кутия с интегриран разделител 53,5 Oz - Меню кутия с интегриран разделител - 1000cc/53,5 Oz MOQ - 5120 бр.","Хартия за мазнини Meniu Box. Б:208x130 Ш:230x150 В:56,5 Капацитет- 1000cc/53,5 Oz-(Персонализируем MOQ-5120бр) Опции за персонализация: Нашите кутии з...",614316,48a26c7c-8bf5-54ca-bfd7-f4aba057d3e7,1517189,35254023,menu-box-with-integrated-separator-535-oz-menu-box-with-integrated-separator-1000cc535-oz-moq-5120pcs-35254023,https://www.europages.co.uk/bg/products/menu-box-with-integrated-separator-535-oz-menu-box-with-integrated-separator-1000cc535-oz-moq-5120pcs-35254023,"{""date"": ""2026-09-29"", ""country_code"": ""RO"", ""country"": ""Румъния"", ""company_name"": ""URSPACK"", ""company_slug"": ""urspack-22237580"", ""company_ep_slug"": ""URSPACK"", ""company_id"": ""22237580"", ""company_uuid"": ""9898060f-8232-36b1-96f5-c1e69e5418a0"", ""ep_id"": ""00000005505354-001"", ""distribution_area"": ""international"", ""founding_year"": ""2014"", ""email_existing"": ""True"", ""is_ep_member"": ""0"", ""is_wlw_member"": ""0"", ""is_quick_responder"": ""False"", ""product_name"": ""Меню кутия с интегриран разделител 53,5 Oz - Меню кутия с интегриран разделител - 1000cc/53,5 Oz MOQ - 5120 бр."", ""description"": ""Хартия за мазнини Meniu Box. Б:208x130 Ш:230x150 В:56,5 Капацитет- 1000cc/53,5 Oz-(Персонализируем MOQ-5120бр) Опции за персонализация: Нашите кутии з..."", ""category"": ""614316"", ""offer_uuid"": ""48a26c7c-8bf5-54ca-bfd7-f4aba057d3e7"", ""auction_id"": ""1517189"", ""slug_id"": ""35254023"", ""offer_slug"": ""menu-box-with-integrated-separator-535-oz-menu-box-with-integrated-separator-1000cc535-oz-moq-5120pcs-35254023"", ""offer_url"": ""https://www.europages.co.uk/bg/products/menu-box-with-integrated-separator-535-oz-menu-box-with-integrated-separator-1000cc535-oz-moq-5120pcs-35254023""}"
RO,Румъния,EXONIA PACKAGING,exonia-packaging-20741264,EXONIA-PACKAGING,20741264,dcae4818-9b35-3bd7-90b2-067a17314b34,00000003989240-257277001,international,2003,True,1,1,False,Листове опаковъчна хартия - За опаковане на готова бърза храна или хранителни стоки,Приложимост: основно се използват в заведения за бързо хранене и магазини за хранителни стоки или в сладкарници и кондитерски. Производство: произвежд...,614293,065afbf5-1b44-5063-9ee0-bca417b72b77,1368280,35449700,hojas-de-papel-para-envolver-para-envasar-productos-preparados-de-comida-rapida-o-productos-de-ultramarinos-35449700,https://www.europages.co.uk/bg/products/hojas-de-papel-para-envolver-para-envasar-productos-preparados-de-comida-rapida-o-productos-de-ultramarinos-35449700,"{""date"": ""2026-09-29"", ""country_code"": ""RO"", ""country"": ""Румъния"", ""company_name"": ""EXONIA PACKAGING"", ""company_slug"": ""exonia-packaging-20741264"", ""company_ep_slug"": ""EXONIA-PACKAGING"", ""company_id"": ""20741264"", ""company_uuid"": ""dcae4818-9b35-3bd7-90b2-067a17314b34"", ""ep_id"": ""00000003989240-257277001"", ""distribution_area"": ""international"", ""founding_year"": ""2003"", ""email_existing"": ""True"", ""is_ep_member"": ""1"", ""is_wlw_member"": ""1"", ""is_quick_responder"": ""False"", ""product_name"": ""Листове опаковъчна хартия - За опаковане на готова бърза храна или хранителни стоки"", ""description"": ""Приложимост: основно се използват в заведения за бързо хранене и магазини за хранителни стоки или в сладкарници и кондитерски. Производство: произвежд..."", ""category"": ""614293"", ""offer_uuid"": ""065afbf5-1b44-5063-9ee0-bca417b72b77"", ""auction_id"": ""1368280"", ""slug_id"": ""35449700"", ""offer_slug"": ""hojas-de-papel-para-envolver-para-envasar-productos-preparados-de-comida-rapida-o-productos-de-ultramarinos-35449700"", ""offer_url"": ""https://www.europages.co.uk/bg/products/hojas-de-papel-para-envolver-para-envasar-productos-preparados-de-comida-rapida-o-productos-de-ultramarinos-35449700""}"
RO,Румъния,EXONIA PACKAGING,exonia-packaging-20741264,EXONIA-PACKAGING,20741264,dcae4818-9b35-3bd7-90b2-067a17314b34,00000003989240-257277001,international,2003,True,1,1,False,"Персонализируеми вентилирани чанти за пресни продукти - Проектирани за опаковане на картофи, лук и плодове, които изискват вентилация.","Висококачествени и икономични персонализирани вентилирани торби за пресни продукти - проектирани за опаковане на картофи, лук и плодове, които изисква...",614465,61402d68-71af-5f54-b66d-ee96fb029174,1568508,35413089,customizable-ventilated-bags-for-fresh-products-designed-for-packaging-potatoes-onions-and-fruits-that-require-ventilation-35413089,https://www.europages.co.uk/bg/products/customizable-ventilated-bags-for-fresh-products-designed-for-packaging-potatoes-onions-and-fruits-that-require-ventilation-35413089,"{""date"": ""2026-09-29"", ""country_code"": ""RO"", ""country"": ""Румъния"", ""company_name"": ""EXONIA PACKAGING"", ""company_slug"": ""exonia-packaging-20741264"", ""company_ep_slug"": ""EXONIA-PACKAGING"", ""company_id"": ""20741264"", ""company_uuid"": ""dcae4818-9b35-3bd7-90b2-067a17314b34"", ""ep_id"": ""00000003989240-257277001"", ""distribution_area"": ""international"", ""founding_year"": ""2003"", ""email_existing"": ""True"", ""is_ep_member"": ""1"", ""is_wlw_member"": ""1"", ""is_quick_responder"": ""False"", ""product_name"": ""Персонализируеми вентилирани чанти за пресни продукти - Проектирани за опаковане на картофи, лук и плодове, които изискват вентилация."", ""description"": ""Висококачествени и икономични персонализирани вентилирани торби за пресни продукти - проектирани за опаковане на картофи, лук и плодове, които изисква..."", ""category"": ""614465"", ""offer_uuid"": ""61402d68-71af-5f54-b66d-ee96fb029174"", ""auction_id"": ""1568508"", ""slug_id"": ""35413089"", ""offer_slug"": ""customizable-ventilated-bags-for-fresh-products-designed-for-packaging-potatoes-onions-and-fruits-that-require-ventilation-35413089"", ""offer_url"": ""https://www.europages.co.uk/bg/products/customizable-ventilated-bags-for-fresh-products-designed-for-packaging-potatoes-onions-and-fruits-that-require-ventilation-35413089""}"
RO,Румъния,URSPACK,urspack-22237580,URSPACK,22237580,9898060f-8232-36b1-96f5-c1e69e5418a0,00000005505354-001,international,2014,True,0,0,False,Кутии за Сладки и Торти,"Кутии за сладки и торти от Urspack предлагат разнообразие от размери, включително B:200x80 T:200x80 H:55. * КУТИЯ ЗА ХРАНА:D0...",610524,89b92cbd-c935-5823-9527-1d759f9f2f4c,1663202,35782118,sweets-and-cake-boxes-35782118,https://www.europages.co.uk/bg/products/sweets-and-cake-boxes-35782118,"{""date"": ""2026-09-29"", ""country_code"": ""RO"", ""country"": ""Румъния"", ""company_name"": ""URSPACK"", ""company_slug"": ""urspack-22237580"", ""company_ep_slug"": ""URSPACK"", ""company_id"": ""22237580"", ""company_uuid"": ""9898060f-8232-36b1-96f5-c1e69e5418a0"", ""ep_id"": ""00000005505354-001"", ""distribution_area"": ""international"", ""founding_year"": ""2014"", ""email_existing"": ""True"", ""is_ep_member"": ""0"", ""is_wlw_member"": ""0"", ""is_quick_responder"": ""False"", ""product_name"": ""Кутии за Сладки и Торти"", ""description"": ""Кутии за сладки и торти от Urspack предлагат разнообразие от размери, включително B:200x80 T:200x80 H:55. * КУТИЯ ЗА ХРАНА:D0..."", ""category"": ""610524"", ""offer_uuid"": ""89b92cbd-c935-5823-9527-1d759f9f2f4c"", ""auction_id"": ""1663202"", ""slug_id"": ""35782118"", ""offer_slug"": ""sweets-and-cake-boxes-35782118"", ""offer_url"": ""https://www.europages.co.uk/bg/products/sweets-and-cake-boxes-35782118""}"
RO,Румъния,URSPACK,urspack-22237580,URSPACK,22237580,9898060f-8232-36b1-96f5-c1e69e5418a0,00000005505354-001,international,2014,True,0,0,False,"Хартиена купа за супа + 486cc/16.4 Oz - Хартиена купа за супа - 486cc / 16.4 Oz - Персонализирана, най-добра цена в Европа гарантирана","Хартия, устойчива на мазнини - Купа за супа + капаци ØБ:95 ØТ:105 H:70 Вместимост - 486cc/16.4 Oz - (Персонализирана - Минимално количество за поръчка...",600661,cde83644-42ee-563d-afc7-f1213581c38e,1813826,35306123,paper-soup-bowl-486cc164-oz-paper-soup-bowl-486cc-164-oz-customizable-europe-best-price-guaranteed-35306123,https://www.europages.co.uk/bg/products/paper-soup-bowl-486cc164-oz-paper-soup-bowl-486cc-164-oz-customizable-europe-best-price-guaranteed-35306123,"{""date"": ""2026-09-29"", ""country_code"": ""RO"", ""country"": ""Румъния"", ""company_name"": ""URSPACK"", ""company_slug"": ""urspack-22237580"", ""company_ep_slug"": ""URSPACK"", ""company_id"": ""22237580"", ""company_uuid"": ""9898060f-8232-36b1-96f5-c1e69e5418a0"", ""ep_id"": ""00000005505354-001"", ""distribution_area"": ""international"", ""founding_year"": ""2014"", ""email_existing"": ""True"", ""is_ep_member"": ""0"", ""is_wlw_member"": ""0"", ""is_quick_responder"": ""False"", ""product_name"": ""Хартиена купа за супа + 486cc/16.4 Oz - Хартиена купа за супа - 486cc / 16.4 Oz - Персонализирана, най-добра цена в Европа гарантирана"", ""description"": ""Хартия, устойчива на мазнини - Купа за супа + капаци ØБ:95 ØТ:105 H:70 Вместимост - 486cc/16.4 Oz - (Персонализирана - Минимално количество за поръчка..."", ""category"": ""600661"", ""offer_uuid"": ""cde83644-42ee-563d-afc7-f1213581c38e"", ""auction_id"": ""1813826"", ""slug_id"": ""35306123"", ""offer_slug"": ""paper-soup-bowl-486cc164-oz-paper-soup-bowl-486cc-164-oz-customizable-europe-best-price-guaranteed-35306123"", ""offer_url"": ""https://www.europages.co.uk/bg/products/paper-soup-bowl-486cc164-oz-paper-soup-bowl-486cc-164-oz-customizable-europe-best-price-guaranteed-35306123""}"
RO,Румъния,URSPACK,urspack-22237580,URSPACK,22237580,9898060f-8232-36b1-96f5-c1e69e5418a0,00000005505354-001,international,2014,True,0,0,False,"Сгъваема Кутия за Взимане 16,6 Oz - Кутия за Взимане B:100x100 T:110x110 H:45 Вместимост- 493cc/16,6 Oz- Персонализируема","Кутия за храна - Устойчив на мазнини Б:100x100 Ш:110x110 В:45 Капацитет - 493cc/16,6 Оз - Персонализирана Персонализирана консултация: Нашият екип мож...",614250,107821b4-5764-5cbb-be6f-3e483e1c5a31,1389179,35478107,folded-take-out-box-166-oz-take-away-box-b100x100-t110x110-h45-capacity-493cc166-oz-customizable-35478107,https://www.europages.co.uk/bg/products/folded-take-out-box-166-oz-take-away-box-b100x100-t110x110-h45-capacity-493cc166-oz-customizable-35478107,"{""date"": ""2026-09-29"", ""country_code"": ""RO"", ""country"": ""Румъния"", ""company_name"": ""URSPACK"", ""company_slug"": ""urspack-22237580"", ""company_ep_slug"": ""URSPACK"", ""company_id"": ""22237580"", ""company_uuid"": ""9898060f-8232-36b1-96f5-c1e69e5418a0"", ""ep_id"": ""00000005505354-001"", ""distribution_area"": ""international"", ""founding_year"": ""2014"", ""email_existing"": ""True"", ""is_ep_member"": ""0"", ""is_wlw_member"": ""0"", ""is_quick_responder"": ""False"", ""product_name"": ""Сгъваема Кутия за Взимане 16,6 Oz - Кутия за Взимане B:100x100 T:110x110 H:45 Вместимост- 493cc/16,6 Oz- Персонализируема"", ""description"": ""Кутия за храна - Устойчив на мазнини Б:100x100 Ш:110x110 В:45 Капацитет - 493cc/16,6 Оз - Персонализирана Персонализирана консултация: Нашият екип мож..."", ""category"": ""614250"", ""offer_uuid"": ""107821b4-5764-5cbb-be6f-3e483e1c5a31"", ""auction_id"": ""1389179"", ""slug_id"": ""35478107"", ""offer_slug"": ""folded-take-out-box-166-oz-take-away-box-b100x100-t110x110-h45-capacity-493cc166-oz-customizable-35478107"", ""offer_url"": ""https://www.europages.co.uk/bg/products/folded-take-out-box-166-oz-take-away-box-b100x100-t110x110-h45-capacity-493cc166-oz-customizable-35478107""}"
RO,Румъния,PROCESS COLOR,process-color-20171341,PROCESS-COLOR,20171341,909244f4-f098-3045-8272-433e06252c7b,00000004689200-488595001,international,1993,True,0,0,False,Automotive Tray - Пластмаса PET,"Производим термоформовани подложки за автомобилни части, изработени от пластмаса (PET). Снимките, показани тук, са наши модели, но можем напълно да пе...",614250,5b03f811-47a2-50b1-bc98-7ace9709e5e5,1560120,35726421,automotive-tray-plastic-pet-35726421,https://www.europages.co.uk/bg/products/automotive-tray-plastic-pet-35726421,"{""date"": ""2026-09-29"", ""country_code"": ""RO"", ""country"": ""Румъния"", ""company_name"": ""PROCESS COLOR"", ""company_slug"": ""process-color-20171341"", ""company_ep_slug"": ""PROCESS-COLOR"", ""company_id"": ""20171341"", ""company_uuid"": ""909244f4-f098-3045-8272-433e06252c7b"", ""ep_id"": ""00000004689200-488595001"", ""distribution_area"": ""international"", ""founding_year"": ""1993"", ""email_existing"": ""True"", ""is_ep_member"": ""0"", ""is_wlw_member"": ""0"", ""is_quick_responder"": ""False"", ""product_name"": ""Automotive Tray - Пластмаса PET"", ""description"": ""Производим термоформовани подложки за автомобилни части, изработени от пластмаса (PET). Снимките, показани тук, са наши модели, но можем напълно да пе..."", ""category"": ""614250"", ""offer_uuid"": ""5b03f811-47a2-50b1-bc98-7ace9709e5e5"", ""auction_id"": ""1560120"", ""slug_id"": ""35726421"", ""offer_slug"": ""automotive-tray-plastic-pet-35726421"", ""offer_url"": ""https://www.europages.co.uk/bg/products/automotive-tray-plastic-pet-35726421""}"
RO,Румъния,PROCESS COLOR,process-color-20171341,PROCESS-COLOR,20171341,909244f4-f098-3045-8272-433e06252c7b,00000004689200-488595001,international,1993,True,0,0,False,Термоформирани тави с канали m4318,Т trays в изображението е модел M4318. Размер на подноса външен размер долу 208x262x27mm външен размер горе 200x255mm долен отдел 16x185x20mm горе...,614250,09331faf-f143-5e72-b26c-c69502d160c4,1371464,35424682,thermoformed-trays-with-channels-m4318-35424682,https://www.europages.co.uk/bg/products/thermoformed-trays-with-channels-m4318-35424682,"{""date"": ""2026-09-29"", ""country_code"": ""RO"", ""country"": ""Румъния"", ""company_name"": ""PROCESS COLOR"", ""company_slug"": ""process-color-20171341"", ""company_ep_slug"": ""PROCESS-COLOR"", ""company_id"": ""20171341"", ""company_uuid"": ""909244f4-f098-3045-8272-433e06252c7b"", ""ep_id"": ""00000004689200-488595001"", ""distribution_area"": ""international"", ""founding_year"": ""1993"", ""email_existing"": ""True"", ""is_ep_member"": ""0"", ""is_wlw_member"": ""0"", ""is_quick_responder"": ""False"", ""product_name"": ""Термоформирани тави с канали m4318"", ""description"": ""Т trays в изображението е модел M4318. Размер на подноса външен размер долу 208x262x27mm външен размер горе 200x255mm долен отдел 16x185x20mm горе..."", ""category"": ""614250"", ""offer_uuid"": ""09331faf-f143-5e72-b26c-c69502d160c4"", ""auction_id"": ""1371464"", ""slug_id"": ""35424682"", ""offer_slug"": ""thermoformed-trays-with-channels-m4318-35424682"", ""offer_url"": ""https://www.europages.co.uk/bg/products/thermoformed-trays-with-channels-m4318-35424682""}"
GR,Гърция,ARPA INCORPORATED COMPANY,arpa-incorporated-company-22257945,ARPA-INCORPORATED-COMPANY,22257945,bee801d6-2683-36db-9c29-82f641351afa,00000005538486-001,international,2004,True,0,0,False,U-Panel Bags - Универсално решение за съхранение,"Тялото на U-панелната чанта се състои от 3 части, 1 дълга част, свързана с 2 единични части. Тя е проектирана да предлага по-добро съхранение и трансп...",614364,a38f4d82-3181-5375-b047-6719c6f28fa1,1719250,35389056,u-panel-bags-versatile-storage-solution-35389056,https://www.europages.co.uk/bg/products/u-panel-bags-versatile-storage-solution-35389056,"{""date"": ""2026-09-29"", ""country_code"": ""GR"", ""country"": ""Гърция"", ""company_name"": ""ARPA INCORPORATED COMPANY"", ""company_slug"": ""arpa-incorporated-company-22257945"", ""company_ep_slug"": ""ARPA-INCORPORATED-COMPANY"", ""company_id"": ""22257945"", ""company_uuid"": ""bee801d6-2683-36db-9c29-82f641351afa"", ""ep_id"": ""00000005538486-001"", ""distribution_area"": ""international"", ""founding_year"": ""2004"", ""email_existing"": ""True"", ""is_ep_member"": ""0"", ""is_wlw_member"": ""0"", ""is_quick_responder"": ""False"", ""product_name"": ""U-Panel Bags - Универсално решение за съхранение"", ""description"": ""Тялото на U-панелната чанта се състои от 3 части, 1 дълга част, свързана с 2 единични части. Тя е проектирана да предлага по-добро съхранение и трансп..."", ""category"": ""614364"", ""offer_uuid"": ""a38f4d82-3181-5375-b047-6719c6f28fa1"", ""auction_id"": ""1719250"", ""slug_id"": ""35389056"", ""offer_slug"": ""u-panel-bags-versatile-storage-solution-35389056"", ""offer_url"": ""https://www.europages.co.uk/bg/products/u-panel-bags-versatile-storage-solution-35389056""}"
GR,Гърция,ARPA INCORPORATED COMPANY,arpa-incorporated-company-22257945,ARPA-INCORPORATED-COMPANY,22257945,bee801d6-2683-36db-9c29-82f641351afa,00000005538486-001,international,2004,True,0,0,False,Тъкани Чанти от Полипропилен - Устойчиви на Разкъсване,"Нашите тъкани чували от полипропилен идват в различни размери, които отговарят на различни капацитети и размери. Независимо дали ги нуждаете за опаков...",614403,8833c349-366f-5f7c-bef3-37e62a8b398d,1657628,35450038,polypropylene-woven-sacks-tear-resistant-35450038,https://www.europages.co.uk/bg/products/polypropylene-woven-sacks-tear-resistant-35450038,"{""date"": ""2026-09-29"", ""country_code"": ""GR"", ""country"": ""Гърция"", ""company_name"": ""ARPA INCORPORATED COMPANY"", ""company_slug"": ""arpa-incorporated-company-22257945"", ""company_ep_slug"": ""ARPA-INCORPORATED-COMPANY"", ""company_id"": ""22257945"", ""company_uuid"": ""bee801d6-2683-36db-9c29-82f641351afa"", ""ep_id"": ""00000005538486-001"", ""distribution_area"": ""international"", ""founding_year"": ""2004"", ""email_existing"": ""True"", ""is_ep_member"": ""0"", ""is_wlw_member"": ""0"", ""is_quick_responder"": ""False"", ""product_name"": ""Тъкани Чанти от Полипропилен - Устойчиви на Разкъсване"", ""description"": ""Нашите тъкани чували от полипропилен идват в различни размери, които отговарят на различни капацитети и размери. Независимо дали ги нуждаете за опаков..."", ""category"": ""614403"", ""offer_uuid"": ""8833c349-366f-5f7c-bef3-37e62a8b398d"", ""auction_id"": ""1657628"", ""slug_id"": ""35450038"", ""offer_slug"": ""polypropylene-woven-sacks-tear-resistant-35450038"", ""offer_url"": ""https://www.europages.co.uk/bg/products/polypropylene-woven-sacks-tear-resistant-35450038""}"
GR,Гърция,ARPA INCORPORATED COMPANY,arpa-incorporated-company-22257945,ARPA-INCORPORATED-COMPANY,22257945,bee801d6-2683-36db-9c29-82f641351afa,00000005538486-001,international,2004,True,0,0,False,4-частични Big Bags,"4-панелните чанти се състоят от четири отделни части, които са зашити в квадратна структура. В запълнено състояние 4-панелната чанта запазва квадратна...",600664,0413555d-920b-5bcf-b86c-f2d2f1569ce7,1359537,35408362,4-teilige-big-bags-35408362,https://www.europages.co.uk/bg/products/4-teilige-big-bags-35408362,"{""date"": ""2026-09-29"", ""country_code"": ""GR"", ""country"": ""Гърция"", ""company_name"": ""ARPA INCORPORATED COMPANY"", ""company_slug"": ""arpa-incorporated-company-22257945"", ""company_ep_slug"": ""ARPA-INCORPORATED-COMPANY"", ""company_id"": ""22257945"", ""company_uuid"": ""bee801d6-2683-36db-9c29-82f641351afa"", ""ep_id"": ""00000005538486-001"", ""distribution_area"": ""international"", ""founding_year"": ""2004"", ""email_existing"": ""True"", ""is_ep_member"": ""0"", ""is_wlw_member"": ""0"", ""is_quick_responder"": ""False"", ""product_name"": ""4-частични Big Bags"", ""description"": ""4-панелните чанти се състоят от четири отделни части, които са зашити в квадратна структура. В запълнено състояние 4-панелната чанта запазва квадратна..."", ""category"": ""600664"", ""offer_uuid"": ""0413555d-920b-5bcf-b86c-f2d2f1569ce7"", ""auction_id"": ""1359537"", ""slug_id"": ""35408362"", ""offer_slug"": ""4-teilige-big-bags-35408362"", ""offer_url"": ""https://www.europages.co.uk/bg/products/4-teilige-big-bags-35408362""}"
GR,Гърция,ARPA INCORPORATED COMPANY,arpa-incorporated-company-22257945,ARPA-INCORPORATED-COMPANY,22257945,bee801d6-2683-36db-9c29-82f641351afa,00000005538486-001,international,2004,True,0,0,False,Вентилирани Големи Чанти - Тъкан с Въздушен Поток,"Чанта с въздушни отвори по тъканта на тялото. Това е вид мрежеста тъкан, която позволява лесен въздушен поток към съдържанието вътре и предотвратява н...",614364,38294f2d-58bd-5123-8bab-7fc25c416e81,1476922,35605695,ventilated-big-bags-air-flow-mesh-fabric-35605695,https://www.europages.co.uk/bg/products/ventilated-big-bags-air-flow-mesh-fabric-35605695,"{""date"": ""2026-09-29"", ""country_code"": ""GR"", ""country"": ""Гърция"", ""company_name"": ""ARPA INCORPORATED COMPANY"", ""company_slug"": ""arpa-incorporated-company-22257945"", ""company_ep_slug"": ""ARPA-INCORPORATED-COMPANY"", ""company_id"": ""22257945"", ""company_uuid"": ""bee801d6-2683-36db-9c29-82f641351afa"", ""ep_id"": ""00000005538486-001"", ""distribution_area"": ""international"", ""founding_year"": ""2004"", ""email_existing"": ""True"", ""is_ep_member"": ""0"", ""is_wlw_member"": ""0"", ""is_quick_responder"": ""False"", ""product_name"": ""Вентилирани Големи Чанти - Тъкан с Въздушен Поток"", ""description"": ""Чанта с въздушни отвори по тъканта на тялото. Това е вид мрежеста тъкан, която позволява лесен въздушен поток към съдържанието вътре и предотвратява н..."", ""category"": ""614364"", ""offer_uuid"": ""38294f2d-58bd-5123-8bab-7fc25c416e81"", ""auction_id"": ""1476922"", ""slug_id"": ""35605695"", ""offer_slug"": ""ventilated-big-bags-air-flow-mesh-fabric-35605695"", ""offer_url"": ""https://www.europages.co.uk/bg/products/ventilated-big-bags-air-flow-mesh-fabric-35605695""}"
GR,Гърция,SPECIAL MIX,special-mix-20176906,SPECIAL-MIX,20176906,db40af64-30c2-3ae7-ac12-9f14e8f4124c,00000004609610-421430001,europe,1995,True,0,0,False,готова смес за лукумади - готова смес за лукумади - идеална за малки супермаркети,готова смес за лукумади - идеална за малки опаковки в супермаркетите В Гърция лукумадите обикновено се подправят с канела в меден сироп и могат да се ...,610220,9afc7431-5920-5d01-bfa0-0ae6d6fa4e5d,1700192,35575963,ready-mix-for-loukoumades-ready-mix-for-loukoumades-ideal-for-small-package-supermarkets-35575963,https://www.europages.co.uk/bg/products/ready-mix-for-loukoumades-ready-mix-for-loukoumades-ideal-for-small-package-supermarkets-35575963,"{""date"": ""2026-09-29"", ""country_code"": ""GR"", ""country"": ""Гърция"", ""company_name"": ""SPECIAL MIX"", ""company_slug"": ""special-mix-20176906"", ""company_ep_slug"": ""SPECIAL-MIX"", ""company_id"": ""20176906"", ""company_uuid"": ""db40af64-30c2-3ae7-ac12-9f14e8f4124c"", ""ep_id"": ""00000004609610-421430001"", ""distribution_area"": ""europe"", ""founding_year"": ""1995"", ""email_existing"": ""True"", ""is_ep_member"": ""0"", ""is_wlw_member"": ""0"", ""is_quick_responder"": ""False"", ""product_name"": ""готова смес за лукумади - готова смес за лукумади - идеална за малки супермаркети"", ""description"": ""готова смес за лукумади - идеална за малки опаковки в супермаркетите В Гърция лукумадите обикновено се подправят с канела в меден сироп и могат да се ..."", ""category"": ""610220"", ""offer_uuid"": ""9afc7431-5920-5d01-bfa0-0ae6d6fa4e5d"", ""auction_id"": ""1700192"", ""slug_id"": ""35575963"", ""offer_slug"": ""ready-mix-for-loukoumades-ready-mix-for-loukoumades-ideal-for-small-package-supermarkets-35575963"", ""offer_url"": ""https://www.europages.co.uk/bg/products/ready-mix-for-loukoumades-ready-mix-for-loukoumades-ideal-for-small-package-supermarkets-35575963""}"
