country_code,country,company_name,company_id,company_uuid,company_slug,company_ep_slug,ep_id,distribution_area,founding_year,email_existing,is_ep_member,is_wlw_member,is_quick_responder,products_count
RO,Румъния,INA PLASTIC SRL,22193228,f0b9c0ab-48fa-3530-a7ca-62e54f3dd2c7,ina-plastic-srl-22193228,INA-PLASTIC-SRL,00000005458526-824265001,europe,,True,0,0,False,1
RO,Румъния,URSPACK,22237580,9898060f-8232-36b1-96f5-c1e69e5418a0,urspack-22237580,URSPACK,00000005505354-001,international,2014,True,0,0,False,3
RO,Румъния,EXONIA PACKAGING,20741264,dcae4818-9b35-3bd7-90b2-067a17314b34,exonia-packaging-20741264,EXONIA-PACKAGING,00000003989240-257277001,international,2003,True,1,1,False,3
RO,Румъния,BARRIER VACUUM BAGS,22211555,02381997-a221-38d4-8307-215ed058a856,barrier-vacuum-bags-22211555,BARRIER-VACUUM-BAGS,00000005473976-001,international,2011,True,0,0,False,2
RO,Румъния,PROCESS COLOR,20171341,909244f4-f098-3045-8272-433e06252c7b,process-color-20171341,PROCESS-COLOR,00000004689200-488595001,international,1993,True,0,0,False,2
GR,Гърция,GEORGIOS I. CHATZIIOANNIDIS & SIA O.E.,20142881,b099852a-a476-3688-a0c5-49aa0e4bfd90,georgios-i-chatziioannidis-sia-oe-20142881,GEORGIOS-I-CHATZIIOANNIDIS-SIA-OE,00000005259366-573666001,,,True,0,0,False,1
GR,Гърция,XENOS PACKAGING SA,21432917,4d6c88e2-d7e8-3bfb-8fbe-0f85c3c1ace6,xenos-packaging-sa-21432917,XENOS-PACKAGING-SA,00000005518776-001,international,1991,True,0,0,False,2
GR,Гърция,VIELFYS SA,20731334,7318d68c-4425-3cbf-ae21-ba28acbe46fe,vielfys-sa-20731334,VIELFYS-SA,00000004656420-458912001,europe,1951,True,0,0,False,1
GR,Гърция,ARPA INCORPORATED COMPANY,22257945,bee801d6-2683-36db-9c29-82f641351afa,arpa-incorporated-company-22257945,ARPA-INCORPORATED-COMPANY,00000005538486-001,international,2004,True,0,0,False,6
GR,Гърция,SPECIAL MIX,20176906,db40af64-30c2-3ae7-ac12-9f14e8f4124c,special-mix-20176906,SPECIAL-MIX,00000004609610-421430001,europe,1995,True,0,0,False,1
