date,country_code,country,company_name,company_slug,company_ep_slug,company_id,company_uuid,ep_id,distribution_area,founding_year,email_existing,is_ep_member,is_wlw_member,is_quick_responder,product_name,description,category,offer_uuid,auction_id,slug_id,offer_slug,offer_url
2026-09-29,RO,Румъния,INA PLASTIC SRL,ina-plastic-srl-22193228,INA-PLASTIC-SRL,22193228,f0b9c0ab-48fa-3530-a7ca-62e54f3dd2c7,00000005458526-824265001,europe,,True,0,0,False,"Картонена кутия 400x400x400, 5 слоя - Картонена кутия 400x400x400","Продуктът е изработен от вълнообразен картон с 5 слоя, което му придава голяма издръжливост и устойчивост. Кутията идва разглобена и изисква сглобяван...",614250,05850345-a04b-55be-b255-ea9dd8a08b67,1366045,35671320,cutie-de-carton-400x400x400-5-straturi-cutie-de-carton-400x400x400-35671320,https://www.europages.co.uk/bg/products/cutie-de-carton-400x400x400-5-straturi-cutie-de-carton-400x400x400-35671320
2026-09-29,RO,Румъния,URSPACK,urspack-22237580,URSPACK,22237580,9898060f-8232-36b1-96f5-c1e69e5418a0,00000005505354-001,international,2014,True,0,0,False,"Меню кутия с интегриран разделител 53,5 Oz - Меню кутия с интегриран разделител - 1000cc/53,5 Oz MOQ - 5120 бр.","Хартия за мазнини Meniu Box. Б:208x130 Ш:230x150 В:56,5 Капацитет- 1000cc/53,5 Oz-(Персонализируем MOQ-5120бр) Опции за персонализация: Нашите кутии з...",614316,48a26c7c-8bf5-54ca-bfd7-f4aba057d3e7,1517189,35254023,menu-box-with-integrated-separator-535-oz-menu-box-with-integrated-separator-1000cc535-oz-moq-5120pcs-35254023,https://www.europages.co.uk/bg/products/menu-box-with-integrated-separator-535-oz-menu-box-with-integrated-separator-1000cc535-oz-moq-5120pcs-35254023
2026-09-29,RO,Румъния,EXONIA PACKAGING,exonia-packaging-20741264,EXONIA-PACKAGING,20741264,dcae4818-9b35-3bd7-90b2-067a17314b34,00000003989240-257277001,international,2003,True,1,1,False,Листове опаковъчна хартия - За опаковане на готова бърза храна или хранителни стоки,Приложимост: основно се използват в заведения за бързо хранене и магазини за хранителни стоки или в сладкарници и кондитерски. Производство: произвежд...,614293,065afbf5-1b44-5063-9ee0-bca417b72b77,1368280,35449700,hojas-de-papel-para-envolver-para-envasar-productos-preparados-de-comida-rapida-o-productos-de-ultramarinos-35449700,https://www.europages.co.uk/bg/products/hojas-de-papel-para-envolver-para-envasar-productos-preparados-de-comida-rapida-o-productos-de-ultramarinos-35449700
2026-09-29,RO,Румъния,EXONIA PACKAGING,exonia-packaging-20741264,EXONIA-PACKAGING,20741264,dcae4818-9b35-3bd7-90b2-067a17314b34,00000003989240-257277001,international,2003,True,1,1,False,"Персонализируеми вентилирани чанти за пресни продукти - Проектирани за опаковане на картофи, лук и плодове, които изискват вентилация.","Висококачествени и икономични персонализирани вентилирани торби за пресни продукти - проектирани за опаковане на картофи, лук и плодове, които изисква...",614465,61402d68-71af-5f54-b66d-ee96fb029174,1568508,35413089,customizable-ventilated-bags-for-fresh-products-designed-for-packaging-potatoes-onions-and-fruits-that-require-ventilation-35413089,https://www.europages.co.uk/bg/products/customizable-ventilated-bags-for-fresh-products-designed-for-packaging-potatoes-onions-and-fruits-that-require-ventilation-35413089
2026-09-29,RO,Румъния,EXONIA PACKAGING,exonia-packaging-20741264,EXONIA-PACKAGING,20741264,dcae4818-9b35-3bd7-90b2-067a17314b34,00000003989240-257277001,international,2003,True,1,1,False,"Вентилирана чанта за пресни продукти - Предназначена за опаковане на зеленчуци и плодове, които изискват вентилация","Приложимост: Предназначен за опаковане на зеленчуци и плодове, изискващи вентилация. Производство: Произведен на 100 % автоматизирано от устойчиви сур...",614465,e794c1c8-20f6-553f-8dd5-4113cb8cbf2a,1872579,35687905,sac-ventile-pour-produits-frais-destine-au-conditionnement-de-legumes-fruits-necessitant-une-ventilation-35687905,https://www.europages.co.uk/bg/products/sac-ventile-pour-produits-frais-destine-au-conditionnement-de-legumes-fruits-necessitant-une-ventilation-35687905
2026-09-29,RO,Румъния,BARRIER VACUUM BAGS,barrier-vacuum-bags-22211555,BARRIER-VACUUM-BAGS,22211555,02381997-a221-38d4-8307-215ed058a856,00000005473976-001,international,2011,True,0,0,False,Опаковка на вино в торби Bag-in-box,"Ако сте румънски производител на вино, торбичките Bag-in-Box са иновативно решение, тъй като позволяват консумацията на вино, било то румънско или дру...",614364,91b9afc1-3d6c-5b78-b14a-434ab8bca8fc,1678568,35704253,wine-packaging-by-bag-in-box-bags-35704253,https://www.europages.co.uk/bg/products/wine-packaging-by-bag-in-box-bags-35704253
2026-09-29,RO,Румъния,URSPACK,urspack-22237580,URSPACK,22237580,9898060f-8232-36b1-96f5-c1e69e5418a0,00000005505354-001,international,2014,True,0,0,False,Кутии за Сладки и Торти,"Кутии за сладки и торти от Urspack предлагат разнообразие от размери, включително B:200x80 T:200x80 H:55. * КУТИЯ ЗА ХРАНА:D0...",610524,89b92cbd-c935-5823-9527-1d759f9f2f4c,1663202,35782118,sweets-and-cake-boxes-35782118,https://www.europages.co.uk/bg/products/sweets-and-cake-boxes-35782118
2026-09-29,RO,Румъния,URSPACK,urspack-22237580,URSPACK,22237580,9898060f-8232-36b1-96f5-c1e69e5418a0,00000005505354-001,international,2014,True,0,0,False,"Хартиена купа за супа + 486cc/16.4 Oz - Хартиена купа за супа - 486cc / 16.4 Oz - Персонализирана, най-добра цена в Европа гарантирана","Хартия, устойчива на мазнини - Купа за супа + капаци ØБ:95 ØТ:105 H:70 Вместимост - 486cc/16.4 Oz - (Персонализирана - Минимално количество за поръчка...",600661,cde83644-42ee-563d-afc7-f1213581c38e,1813826,35306123,paper-soup-bowl-486cc164-oz-paper-soup-bowl-486cc-164-oz-customizable-europe-best-price-guaranteed-35306123,https://www.europages.co.uk/bg/products/paper-soup-bowl-486cc164-oz-paper-soup-bowl-486cc-164-oz-customizable-europe-best-price-guaranteed-35306123
2026-09-29,RO,Румъния,URSPACK,urspack-22237580,URSPACK,22237580,9898060f-8232-36b1-96f5-c1e69e5418a0,00000005505354-001,international,2014,True,0,0,False,"Сгъваема Кутия за Взимане 16,6 Oz - Кутия за Взимане B:100x100 T:110x110 H:45 Вместимост- 493cc/16,6 Oz- Персонализируема","Кутия за храна - Устойчив на мазнини Б:100x100 Ш:110x110 В:45 Капацитет - 493cc/16,6 Оз - Персонализирана Персонализирана консултация: Нашият екип мож...",614250,107821b4-5764-5cbb-be6f-3e483e1c5a31,1389179,35478107,folded-take-out-box-166-oz-take-away-box-b100x100-t110x110-h45-capacity-493cc166-oz-customizable-35478107,https://www.europages.co.uk/bg/products/folded-take-out-box-166-oz-take-away-box-b100x100-t110x110-h45-capacity-493cc166-oz-customizable-35478107
2026-09-29,RO,Румъния,PROCESS COLOR,process-color-20171341,PROCESS-COLOR,20171341,909244f4-f098-3045-8272-433e06252c7b,00000004689200-488595001,international,1993,True,0,0,False,Automotive Tray - Пластмаса PET,"Производим термоформовани подложки за автомобилни части, изработени от пластмаса (PET). Снимките, показани тук, са наши модели, но можем напълно да пе...",614250,5b03f811-47a2-50b1-bc98-7ace9709e5e5,1560120,35726421,automotive-tray-plastic-pet-35726421,https://www.europages.co.uk/bg/products/automotive-tray-plastic-pet-35726421
2026-09-29,RO,Румъния,PROCESS COLOR,process-color-20171341,PROCESS-COLOR,20171341,909244f4-f098-3045-8272-433e06252c7b,00000004689200-488595001,international,1993,True,0,0,False,Термоформирани тави с канали m4318,Т trays в изображението е модел M4318. Размер на подноса външен размер долу 208x262x27mm външен размер горе 200x255mm долен отдел 16x185x20mm горе...,614250,09331faf-f143-5e72-b26c-c69502d160c4,1371464,35424682,thermoformed-trays-with-channels-m4318-35424682,https://www.europages.co.uk/bg/products/thermoformed-trays-with-channels-m4318-35424682
2026-09-29,RO,Румъния,BARRIER VACUUM BAGS,barrier-vacuum-bags-22211555,BARRIER-VACUUM-BAGS,22211555,02381997-a221-38d4-8307-215ed058a856,00000005473976-001,international,2011,True,0,0,False,Бариера филми с механични свойства,"В производството на бариерни филми се фокусираме върху създаването на основни филми за термоформоване, притежаващи солидни знания и опит в областта. П...",614250,8d51c260-f49b-5b88-97f0-1e39ca550705,1664997,35553799,barrier-films-with-mechanical-properties-35553799,https://www.europages.co.uk/bg/products/barrier-films-with-mechanical-properties-35553799
2026-09-29,GR,Гърция,GEORGIOS I. CHATZIIOANNIDIS & SIA O.E.,georgios-i-chatziioannidis-sia-oe-20142881,GEORGIOS-I-CHATZIIOANNIDIS-SIA-OE,20142881,b099852a-a476-3688-a0c5-49aa0e4bfd90,00000005259366-573666001,,,True,0,0,False,Прозрачни Чанти - Опаковъчни Чанти,"Прозрачни торби от първокласен мек полиетилен, в различни размери и подходящи за употреба, поради отличното си качество и устойчивост, за опаковане на...",614505,b44b11d7-b5df-56e1-8f43-e9912a8878e9,1754680,35357224,--35357224,https://www.europages.co.uk/bg/products/--35357224
2026-09-29,GR,Гърция,XENOS PACKAGING SA,xenos-packaging-sa-21432917,XENOS-PACKAGING-SA,21432917,4d6c88e2-d7e8-3bfb-8fbe-0f85c3c1ace6,00000005518776-001,international,1991,True,0,0,False,Производител на опаковки за ориз в Европа - Опаковки за храни,"Нашата опаковка за ориз и паста е проектирана да осигури оптимална свежест, защита и дълготрайност на вашите сухи хранителни продукти. Изработена от в...",614293,4121c723-3dcd-40fa-9c4a-de7c48faf636,2268109,36103432,european-rice-packaging-manufacturer-food-packaging-36103432,https://www.europages.co.uk/bg/products/european-rice-packaging-manufacturer-food-packaging-36103432
2026-09-29,GR,Гърция,VIELFYS SA,vielfys-sa-20731334,VIELFYS-SA,20731334,7318d68c-4425-3cbf-ae21-ba28acbe46fe,00000004656420-458912001,europe,1951,True,0,0,False,Филм за опаковане,"Гъвкавите опаковки от алуминиево фолио и полимерни материали, подходящи за антисептични продукти, защитават продукта, удължават срока на годност и пом...",614508,3e3d1ff0-ba22-4a93-bbc9-85346899cbac,4480828,38209870,-38209870,https://www.europages.co.uk/bg/products/-38209870
2026-09-29,GR,Гърция,XENOS PACKAGING SA,xenos-packaging-sa-21432917,XENOS-PACKAGING-SA,21432917,4d6c88e2-d7e8-3bfb-8fbe-0f85c3c1ace6,00000005518776-001,international,1991,True,0,0,False,Европейска опаковка на производител на паста - Опаковка за храни,"Нашата опаковка за ориз и паста е проектирана да осигури оптимална свежест, защита и дълготрайност на вашите сухи хранителни продукти. Изработена от в...",614293,707d8d2c-8db2-5a14-8214-129a21223231,1961910,35848454,european-packaging-of-pasta-manufacturer-food-packaging-35848454,https://www.europages.co.uk/bg/products/european-packaging-of-pasta-manufacturer-food-packaging-35848454
2026-09-29,GR,Гърция,ARPA INCORPORATED COMPANY,arpa-incorporated-company-22257945,ARPA-INCORPORATED-COMPANY,22257945,bee801d6-2683-36db-9c29-82f641351afa,00000005538486-001,international,2004,True,0,0,False,U-Panel Bags - Универсално решение за съхранение,"Тялото на U-панелната чанта се състои от 3 части, 1 дълга част, свързана с 2 единични части. Тя е проектирана да предлага по-добро съхранение и трансп...",614364,a38f4d82-3181-5375-b047-6719c6f28fa1,1719250,35389056,u-panel-bags-versatile-storage-solution-35389056,https://www.europages.co.uk/bg/products/u-panel-bags-versatile-storage-solution-35389056
2026-09-29,GR,Гърция,ARPA INCORPORATED COMPANY,arpa-incorporated-company-22257945,ARPA-INCORPORATED-COMPANY,22257945,bee801d6-2683-36db-9c29-82f641351afa,00000005538486-001,international,2004,True,0,0,False,Тъкани Чанти от Полипропилен - Устойчиви на Разкъсване,"Нашите тъкани чували от полипропилен идват в различни размери, които отговарят на различни капацитети и размери. Независимо дали ги нуждаете за опаков...",614403,8833c349-366f-5f7c-bef3-37e62a8b398d,1657628,35450038,polypropylene-woven-sacks-tear-resistant-35450038,https://www.europages.co.uk/bg/products/polypropylene-woven-sacks-tear-resistant-35450038
2026-09-29,GR,Гърция,ARPA INCORPORATED COMPANY,arpa-incorporated-company-22257945,ARPA-INCORPORATED-COMPANY,22257945,bee801d6-2683-36db-9c29-82f641351afa,00000005538486-001,international,2004,True,0,0,False,4-частични Big Bags,"4-панелните чанти се състоят от четири отделни части, които са зашити в квадратна структура. В запълнено състояние 4-панелната чанта запазва квадратна...",600664,0413555d-920b-5bcf-b86c-f2d2f1569ce7,1359537,35408362,4-teilige-big-bags-35408362,https://www.europages.co.uk/bg/products/4-teilige-big-bags-35408362
2026-09-29,GR,Гърция,ARPA INCORPORATED COMPANY,arpa-incorporated-company-22257945,ARPA-INCORPORATED-COMPANY,22257945,bee801d6-2683-36db-9c29-82f641351afa,00000005538486-001,international,2004,True,0,0,False,Вентилирани Големи Чанти - Тъкан с Въздушен Поток,"Чанта с въздушни отвори по тъканта на тялото. Това е вид мрежеста тъкан, която позволява лесен въздушен поток към съдържанието вътре и предотвратява н...",614364,38294f2d-58bd-5123-8bab-7fc25c416e81,1476922,35605695,ventilated-big-bags-air-flow-mesh-fabric-35605695,https://www.europages.co.uk/bg/products/ventilated-big-bags-air-flow-mesh-fabric-35605695
2026-09-29,GR,Гърция,SPECIAL MIX,special-mix-20176906,SPECIAL-MIX,20176906,db40af64-30c2-3ae7-ac12-9f14e8f4124c,00000004609610-421430001,europe,1995,True,0,0,False,готова смес за лукумади - готова смес за лукумади - идеална за малки супермаркети,готова смес за лукумади - идеална за малки опаковки в супермаркетите В Гърция лукумадите обикновено се подправят с канела в меден сироп и могат да се ...,610220,9afc7431-5920-5d01-bfa0-0ae6d6fa4e5d,1700192,35575963,ready-mix-for-loukoumades-ready-mix-for-loukoumades-ideal-for-small-package-supermarkets-35575963,https://www.europages.co.uk/bg/products/ready-mix-for-loukoumades-ready-mix-for-loukoumades-ideal-for-small-package-supermarkets-35575963
2026-09-29,GR,Гърция,ARPA INCORPORATED COMPANY,arpa-incorporated-company-22257945,ARPA-INCORPORATED-COMPANY,22257945,bee801d6-2683-36db-9c29-82f641351afa,00000005538486-001,international,2004,True,0,0,False,BRC Big Bags - Хранителен клас,"Чанти от голям формат с хранителен клас се произвеждат в сертифицирани по BRC съоръжения, които отговарят на изискванията както на GFSI (Глобална иниц...",614364,eda00d8d-7c14-5953-9f33-f0296de8896b,1884864,35731406,brc-big-bags-food-grade-35731406,https://www.europages.co.uk/bg/products/brc-big-bags-food-grade-35731406
